,Accuracy,Precision,Recall,F1_score
0,0.7014925373134329,0.8958333333333334,0.7413793103448276,0.8113207547169813
