,Accuracy,Precision,Recall,F1_score
0,0.7303921568627451,0.948905109489051,0.7303370786516854,0.8253968253968254
