,Accuracy,Precision,Recall,F1_score
0,0.6701570680628273,0.9495798319327731,0.6647058823529411,0.7820069204152248
