,Accuracy,Precision,Recall,F1_score
0,0.7466266866566716,0.9779735682819384,0.736318407960199,0.8401135288552507
